{
    "tickets": [
                {
                "event_id": "8057",
                "ticket_id": "8057.BALC.E.21",
                "seat_label": "21",
                "seat_id": "",
                "section_label": "BALC",
                "row_label": "E",
                "entry_gate": "BALC SEATING",
                "barcode": "",
                "barcode_url": "",
                "ticket_type": "Adult",
                "ticket_price": 0,
                "transfer_status": "NOT AVAILABLE",
                "posting_status": "NOT AVAILABLE",
                "render_status": "NOT AVAILABLE",
                "event_code": "ETMP0909",
                "event_name": "TEST EVENT 0912",
                "ticket_description": "",
                "seat_transfer_id": "",
                "seat_posting_id": "",
                "is_host_ticket": false,
                "order_id": ""
                },
                {
                "event_id": "8057",
                "ticket_id": "8057.BALC.E.23",
                "seat_label": "23",
                "seat_id": "",
                "section_label": "BALC",
                "row_label": "E",
                "entry_gate": "BALC SEATING",
                "barcode": "",
                "barcode_url": "",
                "ticket_type": "Adult",
                "ticket_price": 0,
                "transfer_status": "AVAILABLE",
                "posting_status": "AVAILABLE",
                "render_status": "NOT AVAILABLE",
                "event_code": "ETMP0909",
                "event_name": "TEST EVENT 0912",
                "ticket_description": "",
                "seat_transfer_id": "",
                "seat_posting_id": "",
                "is_host_ticket": false,
                "order_id": ""
                },
                {
                "event_id": "8057",
                "ticket_id": "8057.BALC.E.25",
                "seat_label": "25",
                "seat_id": "",
                "section_label": "BALC",
                "row_label": "E",
                "entry_gate": "BALC SEATING",
                "barcode": "",
                "barcode_url": "",
                "ticket_type": "Adult",
                "ticket_price": 0,
                "transfer_status": "AVAILABLE",
                "posting_status": "AVAILABLE",
                "render_status": "NOT AVAILABLE",
                "event_code": "ETMP0909",
                "event_name": "TEST EVENT 0912",
                "ticket_description": "",
                "seat_transfer_id": "",
                "seat_posting_id": "",
                "is_host_ticket": false,
                "order_id": ""
                },
                {
                "event_id": "8057",
                "ticket_id": "8057.BALC.E.27",
                "seat_label": "27",
                "seat_id": "",
                "section_label": "BALC",
                "row_label": "E",
                "entry_gate": "BALC SEATING",
                "barcode": "",
                "barcode_url": "",
                "ticket_type": "Adult",
                "ticket_price": 0,
                "transfer_status": "AVAILABLE",
                "posting_status": "AVAILABLE",
                "render_status": "NOT AVAILABLE",
                "event_code": "ETMP0909",
                "event_name": "TEST EVENT 0912",
                "ticket_description": "",
                "seat_transfer_id": "",
                "seat_posting_id": "",
                "is_host_ticket": false,
                "order_id": ""
                },
                {
                "event_id": "8057",
                "ticket_id": "8057.BALC.E.29",
                "seat_label": "29",
                "seat_id": "",
                "section_label": "BALC",
                "row_label": "E",
                "entry_gate": "BALC SEATING",
                "barcode": "",
                "barcode_url": "",
                "ticket_type": "Adult",
                "ticket_price": 0,
                "transfer_status": "AVAILABLE",
                "posting_status": "AVAILABLE",
                "render_status": "NOT AVAILABLE",
                "event_code": "ETMP0909",
                "event_name": "TEST EVENT 0912",
                "ticket_description": "",
                "seat_transfer_id": "",
                "seat_posting_id": "",
                "is_host_ticket": false,
                "order_id": ""
                },
                {
                "event_id": "8057",
                "ticket_id": "8057.FLOOR.Q.101",
                "seat_label": "101",
                "seat_id": "",
                "section_label": "FLOOR",
                "row_label": "Q",
                "entry_gate": "ORCH SEATING",
                "barcode": "",
                "barcode_url": "",
                "ticket_type": "Adult",
                "ticket_price": 0,
                "transfer_status": "AVAILABLE",
                "posting_status": "AVAILABLE",
                "render_status": "NOT AVAILABLE",
                "event_code": "ETMP0909",
                "event_name": "TEST EVENT 0912",
                "ticket_description": "",
                "seat_transfer_id": "",
                "seat_posting_id": "",
                "is_host_ticket": false,
                "order_id": ""
                },
                {
                "event_id": "8057",
                "ticket_id": "8057.FLOOR.Q.102",
                "seat_label": "102",
                "seat_id": "",
                "section_label": "FLOOR",
                "row_label": "Q",
                "entry_gate": "ORCH SEATING",
                "barcode": "",
                "barcode_url": "",
                "ticket_type": "Adult",
                "ticket_price": 0,
                "transfer_status": "AVAILABLE",
                "posting_status": "AVAILABLE",
                "render_status": "NOT AVAILABLE",
                "event_code": "ETMP0909",
                "event_name": "TEST EVENT 0912",
                "ticket_description": "",
                "seat_transfer_id": "",
                "seat_posting_id": "",
                "is_host_ticket": false,
                "order_id": ""
                },
                {
                "event_id": "8057",
                "ticket_id": "8057.FLOOR.Q.103",
                "seat_label": "103",
                "seat_id": "",
                "section_label": "FLOOR",
                "row_label": "Q",
                "entry_gate": "ORCH SEATING",
                "barcode": "",
                "barcode_url": "",
                "ticket_type": "Adult",
                "ticket_price": 0,
                "transfer_status": "AVAILABLE",
                "posting_status": "AVAILABLE",
                "render_status": "NOT AVAILABLE",
                "event_code": "ETMP0909",
                "event_name": "TEST EVENT 0912",
                "ticket_description": "",
                "seat_transfer_id": "",
                "seat_posting_id": "",
                "is_host_ticket": false,
                "order_id": ""
                },
                {
                "event_id": "8057",
                "ticket_id": "8057.FLOOR.Q.104",
                "seat_label": "104",
                "seat_id": "",
                "section_label": "FLOOR",
                "row_label": "Q",
                "entry_gate": "ORCH SEATING",
                "barcode": "",
                "barcode_url": "",
                "ticket_type": "Adult",
                "ticket_price": 0,
                "transfer_status": "AVAILABLE",
                "posting_status": "AVAILABLE",
                "render_status": "NOT AVAILABLE",
                "event_code": "ETMP0909",
                "event_name": "TEST EVENT 0912",
                "ticket_description": "",
                "seat_transfer_id": "",
                "seat_posting_id": "",
                "is_host_ticket": false,
                "order_id": ""
                },
                {
                "event_id": "3F004A6F9CF4A70F",
                "ticket_id": "000000000001",
                "seat_label": "22",
                "seat_id": "352321541",
                "section_label": "SEC5",
                "row_label": "1",
                "entry_gate": "",
                "barcode": "9668966189198619c",
                "barcode_url": "https://api-intqa.ticketmaster.net/tap/endpoint/restv1/barcode/AES-1.0.0-0001-QZHP5A62GCOXLYKHB5DWJODR3SYSPOR47G74ISCVRUZK4RQLXTSIRYTY5WDEZAOCBYRY3L6ZIABSGBM63SNO727GSAKZOXV2SG5U2TQ.png",
                "ticket_type": "",
                "ticket_price": 51.5,
                "transfer_status": "AVAILABLE",
                "posting_status": "AVAILABLE",
                "render_status": "AVAILABLE",
                "event_code": "EDEB0902",
                "event_name": "PHX EDEB0902 Madonna Multiple Presales",
                "ticket_description": "FULL PRICE 21 & OVER",
                "seat_transfer_id": "352321541",
                "seat_posting_id": "BoNyEAM_4TcSoGlRXGhLbU4FSJc7yliAHnHPtJqRA2M",
                "is_host_ticket": true,
                "order_id": "4-35761/PHX"
                },
                {
                "event_id": "3F00504CA03E570C",
                "ticket_id": "",
                "seat_label": "23",
                "seat_id": "cop-ticket-27000014556202974",
                "section_label": "111",
                "row_label": "24",
                "entry_gate": "",
                "barcode": "178398238770c",
                "barcode_url": "https://api-intqa.ticketmaster.net/tap/endpoint/restv1/barcode/AES-1.0.0-0001-QZHP5A62GCOXLYKHB5DWJODR3SGSGLEG4Z6PSQ4MFVS4YTKDAZ2KKQ5OOWQM7CXQZRITKF3YA56M3VTMPJRK4BWBEIYK7AVITC443AMOZPMZRDH2LRXRCU4ZOFP5EHATLJSVFBRJTWXVCXIXG3VUGYZYWE.png",
                "ticket_type": "",
                "ticket_price": 102,
                "transfer_status": "AVAILABLE",
                "posting_status": "AVAILABLE",
                "render_status": "AVAILABLE",
                "event_code": "",
                "event_name": "",
                "ticket_description": "",
                "seat_transfer_id": "cop-ticket-27000014556202974",
                "seat_posting_id": "uGq129btc4jyJFEoCBBKDQ",
                "is_host_ticket": true,
                "order_id": "cop-order-18000008954298626"
                },
                {
                "event_id": "3F00504CA03E570C",
                "ticket_id": "",
                "seat_label": "24",
                "seat_id": "cop-ticket-27000014557964321",
                "section_label": "111",
                "row_label": "24",
                "entry_gate": "",
                "barcode": "178398239794c",
                "barcode_url": "https://api-intqa.ticketmaster.net/tap/endpoint/restv1/barcode/AES-1.0.0-0001-QZHP5A62GCOXLYKHB5DWJODR3SGSGLEG4Z6PSQ4MFVS4YTKDAZ2KKQ5OOWQM7CXQZRITKF3YA56M3VTMPJRK4BWBEIYK7AVITC443APONUFTSDP3H5PILGY4J3JIEDFB257N7L2WFFAS2LXADKJUFCLZNU.png",
                "ticket_type": "",
                "ticket_price": 102,
                "transfer_status": "AVAILABLE",
                "posting_status": "AVAILABLE",
                "render_status": "AVAILABLE",
                "event_code": "",
                "event_name": "",
                "ticket_description": "",
                "seat_transfer_id": "cop-ticket-27000014557964321",
                "seat_posting_id": "HO6QRl7rU7z4O3hd3tEitQ",
                "is_host_ticket": true,
                "order_id": "cop-order-18000008954298626"
                }
                ]
}
