{
    "_links": {
        "self": {
            "href": "/api/v1/member/confdb.145879.6604/inventory/events"
        },
        "render": {
            "href": "/api/v1/member/confdb.145879.6604/inventory/events"
        }
    },
    "events": [
               {
               "event_id": 8057,
               "_links": {
               "self": {
               "href": "/api/v1/member/confdb.145879.6604/inventory/event/8057"
               },
               "render": {
               "href": "/api/v1/member/confdb.145879.6604/inventory/event/8057"
               }
               },
               "description": "TEST EVENT 0912",
               "event_code": "ETMP0909",
               "event_date": {
               "date_override_text": "",
               "duration": 0,
               "has_date_override": false,
               "has_time_override": false,
               "time_override_text": ""
               },
               "event_image": {
               "height": 340,
               "width": 600,
               "image_id": "mobile_global_event_image",
               "name": "",
               "url": "https://s3.amazonaws.com/prd00000111.am-s3.prod1.us-east-1.tmaws-data/teamimages/intix2007/57619.jpg"
               },
               "event_type_name": "event",
               "name": "TEST EVENT 0912",
               "related_event_ids": [],
               "venue": {
               "address": {
               "city": "Frisco",
               "country": "USA",
               "region": "TX"
               },
               "name": "The Venue",
               "timezone": "0",
               "venue_id": "25"
               },
               "hostEvent": false,
               "_large": false,
               "ticketCount": 0
               },
               {
               "event_id": 0,
               "_links": {},
               "description": "PHX EDEB0902 Madonna Multiple Presales",
               "event_code": "3F004A6F9CF4A70F",
               "event_date": {
               "date_override_text": "2017-09-04T00:00:00Z",
               "duration": 0,
               "has_date_override": true,
               "has_time_override": true,
               "time_override_text": "datetime"
               },
               "event_image": {
               "height": 115,
               "width": 205,
               "image_id": "STANDARD",
               "name": "/dam/test/a/89e/225a6539-5d57-4418-bd26-88844795a89e_205711_EVENT_DETAIL_PAGE_16_9.jpg",
               "url": "http://qaip10.ticketmaster.net:8001/tm/en-us/dam/test/a/89e/225a6539-5d57-4418-bd26-88844795a89e_205711_EVENT_DETAIL_PAGE_16_9.jpg"
               },
               "event_type_name": "PHX EDEB0902 Madonna Multiple Presales",
               "name": "PHX EDEB0902 Madonna Multiple Presales",
               "related_event_ids": [],
               "venue": {
               "address": {
               "city": "Brooklyn",
               "country": "US",
               "region": "NY"
               },
               "name": "Barclays Center",
               "timezone": "0",
               "venue_id": "516198"
               },
               "hostEvent": true,
               "_large": true,
               "ticketCount": 0,
               "hostOrderIds": [
                                "4-35761/PHX"
                                ]
               },
               {
               "event_id": 0,
               "_links": {},
               "description": "Resale Test Event - Csi",
               "event_code": "3F00504CA03E570C",
               "event_date": {
               "date_override_text": "2017-06-24T23:00:00Z",
               "duration": 0,
               "has_date_override": true,
               "has_time_override": true,
               "time_override_text": "datetime"
               },
               "event_image": {
               "height": 115,
               "width": 205,
               "image_id": "DEFAULT",
               "name": "http://share.livenation.com/images/default_image.jpg",
               "url": "http://share.livenation.com/images/default_image.jpg"
               },
               "event_type_name": "Resale Test Event - Csi",
               "name": "Resale Test Event - Csi",
               "related_event_ids": [],
               "venue": {
               "address": {
               "city": "Orchard Park",
               "country": "US",
               "region": "NY"
               },
               "name": "Ralph Wilson Stadium",
               "timezone": "0",
               "venue_id": "516494"
               },
               "hostEvent": true,
               "_large": true,
               "ticketCount": 0,
               "hostOrderIds": [
                                "cop-order-18000008954298626"
                                ]
               },
               {
               "event_id": 0,
               "_links": {},
               "description": "Best Disco In Town - Live 07",
               "event_code": "2600504AA04B8405",
               "event_date": {
               "date_override_text": "2017-06-03T02:00:00Z",
               "duration": 0,
               "has_date_override": true,
               "has_time_override": true,
               "time_override_text": "datetime"
               },
               "event_image": {
               "height": 115,
               "width": 205,
               "image_id": "DEFAULT",
               "name": "http://share.livenation.com/images/default_image.jpg",
               "url": "http://share.livenation.com/images/default_image.jpg"
               },
               "event_type_name": "Best Disco In Town - Live 07",
               "name": "Best Disco In Town - Live 07",
               "related_event_ids": [],
               "venue": {
               "address": {
               "city": "Hollywood",
               "country": "US",
               "region": "CA"
               },
               "name": "The TM Forum",
               "timezone": "0",
               "venue_id": "311559"
               },
               "hostEvent": true,
               "_large": true,
               "ticketCount": 0,
               "hostOrderIds": [
                                "2-18594/PER"
                                ]
               },
               {
               "event_id": 0,
               "_links": {},
               "description": "Don Williams",
               "event_code": "3F005057C2F3DFD2",
               "event_date": {
               "date_override_text": "2017-03-26T02:22:00Z",
               "duration": 0,
               "has_date_override": true,
               "has_time_override": true,
               "time_override_text": "datetime"
               },
               "event_image": {
               "height": 115,
               "width": 205,
               "image_id": "DEFAULT",
               "name": "http://share.livenation.com/images/default_image.jpg",
               "url": "http://share.livenation.com/images/default_image.jpg"
               },
               "event_type_name": "Don Williams",
               "name": "Don Williams",
               "related_event_ids": [],
               "venue": {
               "address": {
               "city": "Phoenix",
               "country": "US",
               "region": "AZ"
               },
               "name": "Novenue",
               "timezone": "0",
               "venue_id": "516096"
               },
               "hostEvent": true,
               "_large": true,
               "ticketCount": 0,
               "hostOrderIds": [
                                "cop-order-18000008874944073"
                                ]
               },
               {
               "event_id": 0,
               "_links": {},
               "description": "Mobile Delivery Test 4",
               "event_code": "3F004EC3B661BA18",
               "event_date": {
               "date_override_text": "2017-01-01T07:00:00Z",
               "duration": 0,
               "has_date_override": true,
               "has_time_override": true,
               "time_override_text": "datetime"
               },
               "event_image": {
               "height": 115,
               "width": 205,
               "image_id": "DEFAULT",
               "name": "http://share.livenation.com/images/default_image.jpg",
               "url": "http://share.livenation.com/images/default_image.jpg"
               },
               "event_type_name": "Mobile Delivery Test 4",
               "name": "Mobile Delivery Test 4",
               "related_event_ids": [],
               "venue": {
               "address": {
               "city": "Hollywood",
               "country": "US",
               "region": "CA"
               },
               "name": "The TM Forum",
               "timezone": "0",
               "venue_id": "516359"
               },
               "hostEvent": true,
               "_large": true,
               "ticketCount": 0,
               "hostOrderIds": [
                                "6-41421/PHX"
                                ]
               },
               {
               "event_id": 0,
               "_links": {},
               "description": "Mobile Delivery Test 3",
               "event_code": "3F004EC57ED6B9A8",
               "event_date": {
               "date_override_text": "2017-01-01T06:00:00Z",
               "duration": 0,
               "has_date_override": true,
               "has_time_override": true,
               "time_override_text": "datetime"
               },
               "event_image": {
               "height": 115,
               "width": 205,
               "image_id": "DEFAULT",
               "name": "http://share.livenation.com/images/default_image.jpg",
               "url": "http://share.livenation.com/images/default_image.jpg"
               },
               "event_type_name": "Mobile Delivery Test 3",
               "name": "Mobile Delivery Test 3",
               "related_event_ids": [],
               "venue": {
               "address": {
               "city": "Denver",
               "country": "US",
               "region": "CO"
               },
               "name": "Mile High Stadium",
               "timezone": "0",
               "venue_id": "516097"
               },
               "hostEvent": true,
               "_large": true,
               "ticketCount": 0,
               "hostOrderIds": [
                                "2-30694/PHX"
                                ]
               }
               ],
    "statusMessage": "Successful response!"
}
